stage,target,fold,model,MAE,RMSE,R2,bias_pred_minus_true,MAE_1_180,MAE_181_365,MAE_366_548
holdout,Revenue,2021-06-30,seasonal_naive_365,1404517.422919708,1859470.5554117355,-0.42909802803530184,794651.7370072993,705958.0938333333,890986.8075135136,2610767.931584699
holdout,Revenue,2021-06-30,seasonal_growth_anchor,1459226.9933070708,1938421.3775044174,-0.553029802500854,928004.6081866625,751738.2445608561,872780.2479948192,2747973.5652037105
holdout,Revenue,2021-06-30,pass_1_trend_hinge,857665.6169383683,1199422.0406280803,0.405396503249948,82913.50827860074,790189.9729486591,1072604.5345092826,706747.1260505461
holdout,Revenue,2021-06-30,pass_2_hybrid_regime_lgbm,728067.5819190905,969002.7081427508,0.6119091619764994,377607.6460788489,880432.1129503269,749075.9764406743,556962.8356233771
holdout,Revenue,2021-06-30,blend_pass2_seasonal,1130619.8124983725,1451216.4051634993,0.12954210855733372,809078.5957498194,810764.5382432377,666883.3107668943,1914036.2178877043
holdout,Revenue,2021-06-30,blend_pass2_growth,1165884.37159918,1497304.3419266376,0.0733759317391317,867211.4456427917,823861.63675814,671627.6568153771,2001958.6038745395
holdout,Revenue,2021-06-30,median_anchor_ensemble,1395183.3141080397,1852339.8756151013,-0.41815846106571763,855081.2090725238,723252.8629670164,849136.4028784751,2608113.1489870213
holdout,Revenue,2021-06-30,direct_ridge_seasonal_delta,2854404.3035938996,4055786.579139058,-5.798820825861292,2759725.641425638,1640419.6444161662,2307887.884335697,4600976.851215537
holdout,Revenue,2021-06-30,direct_elasticnet_seasonal_delta,2621511.9268706366,3734923.1870414484,-4.76562984955183,2516898.7975456025,1541448.0250495286,2151497.3670842326,4159021.1940197307
